<?xml version='1.0' encoding='UTF-8'?>
<!DOCTYPE hibernate-configuration PUBLIC
          "-//Hibernate/Hibernate Configuration DTD 3.0//EN"
          "http://hibernate.sourceforge.net/hibernate-configuration-3.0.dtd">

<!-- Generated by MyEclipse Hibernate Tools. -->
<hibernate-configuration>

	<session-factory>
		<property name="dialect">org.hibernate.dialect.MySQLDialect</property>
		<property name="connection.url">jdbc:mysql://localhost:3306/schoolinfo_db?characterEncoding=UTF-8</property>
		<property name="connection.username">root</property>
		<property name="connection.password">root</property>
		<property name="connection.driver_class">com.mysql.jdbc.Driver</property>
		<property name="hibernate.cache.use_second_level_cache">false</property>
		<mapping resource="tb_pro.hbm.xml" />
		<mapping resource="tb_types.hbm.xml" />
        <mapping resource="admins.hbm.xml" />
		<mapping resource="tb_user.hbm.xml" />
		<mapping resource="tb_comment.hbm.xml" />
		<mapping resource="tb_collect.hbm.xml" />
		<mapping resource="tb_news.hbm.xml" />
		<mapping resource="tb_foods.hbm.xml" />
		
	</session-factory>

</hibernate-configuration>