<?xml version="1.0" encoding="UTF-8"?>
<!DOCTYPE hibernate-mapping PUBLIC
        "-//Hibernate/Hibernate Mapping DTD 3.0//EN"
        "http://hibernate.sourceforge.net/hibernate-mapping-3.0.dtd">
<hibernate-mapping>
	<class name="com.bean.tb_comment" table="tb_comment">
		<id name="id">
			<generator class="identity" />

		</id>

		<property name="proid" />
		<property name="userid" />
		<property name="comment" />
		
	
		<property name="createtime" />
	</class>

</hibernate-mapping>