<?xml version="1.0" encoding="UTF-8"?>
<!DOCTYPE hibernate-mapping PUBLIC
        "-//Hibernate/Hibernate Mapping DTD 3.0//EN"
        "http://hibernate.sourceforge.net/hibernate-mapping-3.0.dtd">
<hibernate-mapping>
	<class name="com.bean.tb_foods" table="tb_foods">
		<id name="id">
			<generator class="identity" />

		</id>
		
		<property name="img_url" />
		<property name="name" />
		<property name="intro" />
		<property name="steps" />
		<property name="material" />
	
		
	</class>

</hibernate-mapping>