<?xml version="1.0" encoding="UTF-8"?>
<!DOCTYPE hibernate-mapping PUBLIC
        "-//Hibernate/Hibernate Mapping DTD 3.0//EN"
        "http://hibernate.sourceforge.net/hibernate-mapping-3.0.dtd">
<hibernate-mapping>
	<class name="com.bean.tb_news" table="tb_news">
		<id name="id">
			<generator class="identity" />

		</id>
		
		<property name="img_url" />
		<property name="title" />
		<property name="body" />
		<property name="keyword" />
		<property name="createtime" />
	
		
	</class>

</hibernate-mapping>