<?xml version="1.0" encoding="UTF-8"?>
<!DOCTYPE hibernate-mapping PUBLIC
        "-//Hibernate/Hibernate Mapping DTD 3.0//EN"
        "http://hibernate.sourceforge.net/hibernate-mapping-3.0.dtd">
<hibernate-mapping>
	<class name="com.bean.tb_user" table="tb_user">
		<id name="id">
			<generator class="identity" />

		</id>

		<property name="loginid" />
		<property name="name" />
		<property name="password" />
		<property name="createtime" />
		<property name="phone" />
		<property name="code" />

	</class>

</hibernate-mapping>