<?xml version="1.0" encoding="UTF-8"?>
<!DOCTYPE hibernate-mapping PUBLIC
        "-//Hibernate/Hibernate Mapping DTD 3.0//EN"
        "http://hibernate.sourceforge.net/hibernate-mapping-3.0.dtd">
<hibernate-mapping>
	<class name="com.bean.tb_pro" table="tb_pro">
		<id name="id">
			<generator class="identity" />

		</id>

		<property name="filepath" />
		<property name="userid" />
		<property name="state" />
		<property name="intro" />
		<property name="proname" />
		<property name="createtime" />
		<property name="quality" />
		<property name="typeid" />
		<property name="price" />
		<property name="status" />
	</class>

</hibernate-mapping>